request_id,model,batch_size,latency,throughput,cpu/interrupts/ctx_switches_count,cpu/interrupts/interrupts_count,cpu/interrupts/soft_interrupts_count,cpu/load/avg_sys_load_one_min_percent,cpu/load/avg_sys_load_five_min_percent,cpu/load/avg_sys_load_fifteen_min_percent,memory/available_memory_sys_MB,memory/used_memory_sys_MB,memory/used_memory_sys_percent,process/voluntary_proc_ctx_switches,process/involuntary_proc_ctx_switches,process/memory/resident_set_size_proc_MB,process/memory/virtual_memory_size_proc_MB,process/memory/shared_memory_proc_MB,process/memory/text_resident_set_proc_MB,process/memory/data_resident_set_proc_MB,process/memory/lib_memory_proc_MB,process/memory/dirty_pages_proc_count,disk/counter/disk_read_sys_count,disk/counter/disk_write_sys_count,disk/time/disk_read_time_sys_s,disk/time/disk_write_time_sys_s,disk/time/disk_busy_time_sys_s,bandwidth/disk_read_sys_bandwidth_MBs,bandwidth/disk_write_sys_bandwidth_MBs,bandwidth/net_sent_sys_bandwidth_Mbits,bandwidth/net_recv_sys_bandwidth_Mbits,03_gpu_mem/active.all.allocated,03_gpu_mem/active.all.current,03_gpu_mem/active.all.freed,03_gpu_mem/active.all.peak,03_gpu_mem/active.large_pool.allocated,03_gpu_mem/active.large_pool.current,03_gpu_mem/active.large_pool.freed,03_gpu_mem/active.large_pool.peak,03_gpu_mem/active.small_pool.allocated,03_gpu_mem/active.small_pool.current,03_gpu_mem/active.small_pool.freed,03_gpu_mem/active.small_pool.peak,03_gpu_mem/active_bytes.all.allocated,03_gpu_mem/active_bytes.all.current,03_gpu_mem/active_bytes.all.freed,03_gpu_mem/active_bytes.all.peak,03_gpu_mem/active_bytes.large_pool.allocated,03_gpu_mem/active_bytes.large_pool.current,03_gpu_mem/active_bytes.large_pool.freed,03_gpu_mem/active_bytes.large_pool.peak,03_gpu_mem/active_bytes.small_pool.allocated,03_gpu_mem/active_bytes.small_pool.current,03_gpu_mem/active_bytes.small_pool.freed,03_gpu_mem/active_bytes.small_pool.peak,03_gpu_mem/allocated_bytes.all.allocated,03_gpu_mem/allocated_bytes.all.current,03_gpu_mem/allocated_bytes.all.freed,03_gpu_mem/allocated_bytes.all.peak,03_gpu_mem/allocated_bytes.large_pool.allocated,03_gpu_mem/allocated_bytes.large_pool.current,03_gpu_mem/allocated_bytes.large_pool.freed,03_gpu_mem/allocated_bytes.large_pool.peak,03_gpu_mem/allocated_bytes.small_pool.allocated,03_gpu_mem/allocated_bytes.small_pool.current,03_gpu_mem/allocated_bytes.small_pool.freed,03_gpu_mem/allocated_bytes.small_pool.peak,03_gpu_mem/allocation.all.allocated,03_gpu_mem/allocation.all.current,03_gpu_mem/allocation.all.freed,03_gpu_mem/allocation.all.peak,03_gpu_mem/allocation.large_pool.allocated,03_gpu_mem/allocation.large_pool.current,03_gpu_mem/allocation.large_pool.freed,03_gpu_mem/allocation.large_pool.peak,03_gpu_mem/allocation.small_pool.allocated,03_gpu_mem/allocation.small_pool.current,03_gpu_mem/allocation.small_pool.freed,03_gpu_mem/allocation.small_pool.peak,03_gpu_mem/inactive_split.all.allocated,03_gpu_mem/inactive_split.all.current,03_gpu_mem/inactive_split.all.freed,03_gpu_mem/inactive_split.all.peak,03_gpu_mem/inactive_split.large_pool.allocated,03_gpu_mem/inactive_split.large_pool.current,03_gpu_mem/inactive_split.large_pool.freed,03_gpu_mem/inactive_split.large_pool.peak,03_gpu_mem/inactive_split.small_pool.allocated,03_gpu_mem/inactive_split.small_pool.current,03_gpu_mem/inactive_split.small_pool.freed,03_gpu_mem/inactive_split.small_pool.peak,03_gpu_mem/inactive_split_bytes.all.allocated,03_gpu_mem/inactive_split_bytes.all.current,03_gpu_mem/inactive_split_bytes.all.freed,03_gpu_mem/inactive_split_bytes.all.peak,03_gpu_mem/inactive_split_bytes.large_pool.allocated,03_gpu_mem/inactive_split_bytes.large_pool.current,03_gpu_mem/inactive_split_bytes.large_pool.freed,03_gpu_mem/inactive_split_bytes.large_pool.peak,03_gpu_mem/inactive_split_bytes.small_pool.allocated,03_gpu_mem/inactive_split_bytes.small_pool.current,03_gpu_mem/inactive_split_bytes.small_pool.freed,03_gpu_mem/inactive_split_bytes.small_pool.peak,03_gpu_mem/max_split_size,03_gpu_mem/num_alloc_retries,03_gpu_mem/num_device_alloc,03_gpu_mem/num_device_free,03_gpu_mem/num_ooms,03_gpu_mem/num_sync_all_streams,03_gpu_mem/oversize_allocations.allocated,03_gpu_mem/oversize_allocations.current,03_gpu_mem/oversize_allocations.freed,03_gpu_mem/oversize_allocations.peak,03_gpu_mem/oversize_segments.allocated,03_gpu_mem/oversize_segments.current,03_gpu_mem/oversize_segments.freed,03_gpu_mem/oversize_segments.peak,03_gpu_mem/requested_bytes.all.allocated,03_gpu_mem/requested_bytes.all.current,03_gpu_mem/requested_bytes.all.freed,03_gpu_mem/requested_bytes.all.peak,03_gpu_mem/requested_bytes.large_pool.allocated,03_gpu_mem/requested_bytes.large_pool.current,03_gpu_mem/requested_bytes.large_pool.freed,03_gpu_mem/requested_bytes.large_pool.peak,03_gpu_mem/requested_bytes.small_pool.allocated,03_gpu_mem/requested_bytes.small_pool.current,03_gpu_mem/requested_bytes.small_pool.freed,03_gpu_mem/requested_bytes.small_pool.peak,03_gpu_mem/reserved_bytes.all.allocated,03_gpu_mem/reserved_bytes.all.current,03_gpu_mem/reserved_bytes.all.freed,03_gpu_mem/reserved_bytes.all.peak,03_gpu_mem/reserved_bytes.large_pool.allocated,03_gpu_mem/reserved_bytes.large_pool.current,03_gpu_mem/reserved_bytes.large_pool.freed,03_gpu_mem/reserved_bytes.large_pool.peak,03_gpu_mem/reserved_bytes.small_pool.allocated,03_gpu_mem/reserved_bytes.small_pool.current,03_gpu_mem/reserved_bytes.small_pool.freed,03_gpu_mem/reserved_bytes.small_pool.peak,03_gpu_mem/segment.all.allocated,03_gpu_mem/segment.all.current,03_gpu_mem/segment.all.freed,03_gpu_mem/segment.all.peak,03_gpu_mem/segment.large_pool.allocated,03_gpu_mem/segment.large_pool.current,03_gpu_mem/segment.large_pool.freed,03_gpu_mem/segment.large_pool.peak,03_gpu_mem/segment.small_pool.allocated,03_gpu_mem/segment.small_pool.current,03_gpu_mem/segment.small_pool.freed,03_gpu_mem/segment.small_pool.peak,04_agg_gpu/memory_fragmentation_ratio,04_agg_gpu/avg_segment_size_current_bytes,04_agg_gpu/avg_large_segment_size_current_bytes,04_agg_gpu/avg_small_segment_size_current_bytes,04_agg_gpu/avg_block_size_current_bytes,04_agg_gpu/avg_inactive_block_size_current_bytes,04_agg_gpu/allocation_rounding_overhead_bytes,05_gpu_smi/gpu_0_fb_total_MiB,05_gpu_smi/gpu_0_fb_used_MiB,05_gpu_smi/gpu_0_fb_free_MiB,05_gpu_smi/gpu_0_bar1_total_MiB,05_gpu_smi/gpu_0_bar1_used_MiB,05_gpu_smi/gpu_0_bar1_free_MiB,05_gpu_smi/gpu_0_gpu_util_in_percent,05_gpu_smi/gpu_0_mem_util_in_percent,05_gpu_smi/gpu_0_temp_in_C,05_gpu_smi/gpu_0_clocks_throttle_reason_gpu_idle,05_gpu_smi/gpu_0_clocks_throttle_reason_applications_clocks_setting,05_gpu_smi/gpu_0_clocks_throttle_reason_sw_power_cap,05_gpu_smi/gpu_0_clocks_throttle_reason_hw_slowdown
cee53f85,llama3-8b,1,21.89897010603454,0.388,16411,246676,14935,3.4999999999999996,1.5833333333333335,1.0833333333333335,63684.087808,1951.854592,4.1,2673,56,1374.9248,52992.344064,322.60096,0.004096,0.0,2207.461376,0,39327,2,24.941999999999894,0.0010000000000047748,11.374000000000024,791.3868590246877,0.00017471457932720342,0.0039379028231913875,0.003209405425446595,83221,325,82896,419,5032,227,4805,235,78189,98,78091,192,46169157632,32154616320,14014541312,32234223616,42385080320,32153534464,10231545856,32204375552,3784077312,1081856,3782995456,47648768,46169157632,32154616320,14014541312,32234223616,42385080320,32153534464,10231545856,32204375552,3784077312,1081856,3782995456,47648768,83221,325,82896,419,5032,227,4805,235,78189,98,78091,192,41091,1,41090,47,4480,0,4480,4,36611,1,36610,47,49506000896,1015296,49504985600,36761600,45481394176,0,45481394176,31719424,4024606720,1015296,4023591424,27751936,-1,0,256,0,0,0,0,0,0,0,0,0,0,0,46153587709,32154607872,13998979837,32234211359,42377215936,32153534464,10223681472,32204375551,3776371773,1073408,3775298365,47633713,32300335104,32300335104,0,32300335104,32245809152,32245809152,0,32245809152,54525952,54525952,0,54525952,256,256,0,256,230,230,0,230,26,26,0,26,0.9954886293429831,125603937.0,139797975.9304348,41284.92307692308,98937280.98461539,1015296.0,8448,81559.0,32785.0625,48773.9375,131072.0,1.625,131070.375,84,41,30,0,0,0,0
eff6091a,llama3-8b,1,3.565991193987429,0.511,16810,249321,15302,3.4999999999999996,1.5833333333333335,1.0833333333333335,63681.08544,1954.865152,4.1,2692,57,1376.956416,53219.110912,324.026368,0.004096,0.0,2233.577472,0,39359,2,24.954000000000065,0.0010000000000047748,11.376999999999953,0.3019774982684995,0.0,0.022472169452775748,0.01907683546216588,166117,325,165792,419,5865,227,5638,235,160252,98,160154,192,51788671488,32154616320,19634055168,32234223616,43380655104,32153534464,11227120640,32204375552,8408016384,1081856,8406934528,47648768,51788671488,32154616320,19634055168,32234223616,43380655104,32153534464,11227120640,32204375552,8408016384,1081856,8406934528,47648768,166117,325,165792,419,5865,227,5638,235,160252,98,160154,192,78042,1,78041,47,5312,0,5312,4,72730,1,72729,47,63597722112,1015296,63596706816,36761600,54771337216,0,54771337216,31719424,8826384896,1015296,8825369600,27751936,-1,0,256,0,0,0,0,0,0,0,0,0,0,0,51765327242,32154607872,19610719370,32234211359,43372790656,32153534464,11219256192,32204375551,8392536586,1073408,8391463178,47633713,32300335104,32300335104,0,32300335104,32245809152,32245809152,0,32245809152,54525952,54525952,0,54525952,256,256,0,256,230,230,0,230,26,26,0,26,0.9954886293429831,125603937.0,139797975.9304348,41284.92307692308,98937280.98461539,1015296.0,8448,81559.0,32785.0625,48773.9375,131072.0,1.625,131070.375,83,40,31,0,0,0,0
f2e10f9b,granite-7b,1,17.57874666096177,0.622,25857,340347,24746,4.583333333333334,1.916666666666667,1.1666666666666667,63661.4656,1971.929088,4.1,2848,65,1383.07584,51230.547968,324.009984,0.004096,0.0,2395.045888,0,72360,8,45.392999999999915,0.0040000000000048885,20.375999999999976,1548.4826815261074,0.002875221190870472,0.011194744105088462,0.009064264485558284,243001,325,242676,419,10960,227,10733,299,232041,98,231943,192,90947174912,26987233792,63959941120,32234223616,81339752448,26986151936,54353600512,32204375552,9607422464,1081856,9606340608,47648768,90947174912,26987233792,63959941120,32234223616,81339752448,26986151936,54353600512,32204375552,9607422464,1081856,9606340608,47648768,243001,325,242676,419,10960,227,10733,299,232041,98,231943,192,116335,1,116334,47,6480,0,6480,31,109855,1,109854,47,76365714944,1015296,76364699648,150169088,66313710592,0,66313710592,149159936,10052004352,1015296,10050989056,27751936,-1,0,495,255,0,1,0,0,0,0,0,0,0,0,90783659479,26987225344,63796434135,32234211359,81198864256,26986151936,54212712320,32204375551,9584795223,1073408,9583721815,47633713,59487813632,27221032960,32266780672,32300335104,59429093376,27216838656,32212254720,32245809152,58720256,4194304,54525952,54525952,495,240,255,256,467,238,229,238,28,2,26,26,0.991411083909139,112446772.26666667,113387193.00840336,536704.0,83037642.43692307,1015296.0,8448,81559.0,27941.0625,53617.9375,131072.0,1.625,131070.375,86,40,32,0,0,0,0
960804bc,gemma-7b,1,23.906513946014456,0.548,39937,667587,39741,6.5,2.5833333333333335,1.4166666666666667,63458.566144,2176.192512,4.4,3065,73,1515.450368,60139.474944,247.508992,0.004096,0.0,2792.341504,0,114360,15,71.77200000000005,0.007000000000005002,32.35399999999993,1434.374605780286,0.0024256539626417053,0.009714121463661044,0.007854272945434166,322987,283,322704,419,12222,198,12024,299,310765,85,310680,192,130009903104,34184292352,95825610752,34278130176,116999266304,34183577600,82815688704,34276294656,13010636800,714752,13009922048,62514688,130009903104,34184292352,95825610752,34278130176,116999266304,34183577600,82815688704,34276294656,13010636800,714752,13009922048,62514688,322987,283,322704,419,12222,198,12024,299,310765,85,310680,192,156141,1,156140,47,6806,0,6806,31,149335,1,149334,47,82191279104,1382400,82189896704,150169088,68406750208,0,68406750208,149159936,13784528896,1382400,13783146496,27751936,-1,0,729,494,0,2,0,0,0,0,0,0,0,0,129684799040,34184292352,95500506688,34261684113,116704122752,34183577600,82520545152,34259206144,12980676288,714752,12979961536,62508673,93809803264,34355544064,59454259200,34355544064,93683974144,34288435200,59395538944,34288435200,125829120,67108864,58720256,67108864,729,235,494,256,669,203,466,238,60,32,28,32,0.9950153107259492,145465073.83829787,168392007.8817734,22336.0,120792552.48056537,1382400.0,0,81559.0,34745.0625,46813.9375,131072.0,1.625,131070.375,84,47,32,0,0,0,0
29a0fa0d,granite-7b,1,20.06621650303714,0.616,46887,704070,46704,6.916666666666667,2.9166666666666665,1.5833333333333335,63501.316096,2133.44256,4.4,3193,75,1392.451584,53714.628608,178.52416,0.004096,0.0,2821.050368,0,141821,15,78.61099999999999,0.007000000000005002,36.66300000000001,557.2663771946029,0.0,0.009826237577509686,0.007909747123918665,399871,325,399546,419,17317,227,17090,299,382554,98,382456,192,168503808000,26987233792,141516574208,34278130176,154297998336,26986151936,127311846400,34276294656,14205809664,1081856,14204727808,62514688,168503808000,26987233792,141516574208,34278130176,154297998336,26986151936,127311846400,34276294656,14205809664,1081856,14204727808,62514688,399871,325,399546,419,17317,227,17090,299,382554,98,382456,192,194186,1,194185,47,7939,0,7939,31,186247,1,186246,47,94267568128,1015296,94266552832,150169088,79253643264,0,79253643264,149159936,15013924864,1015296,15012909568,27751936,-1,0,966,728,0,3,0,0,0,0,0,0,0,0,168031496205,26987225344,141044270861,34261684113,153862802304,26986151936,126876650368,34259206144,14168693901,1073408,14167620493,62508673,120955338752,27179089920,93776248832,34355544064,120825315328,27174895616,93650419712,34288435200,130023424,4194304,125829120,67108864,966,238,728,256,904,236,668,238,62,2,60,32,0.992941039285542,113391703.12605043,114348101.42372881,536704.0,83037642.43692307,1015296.0,8448,81559.0,27901.0625,53657.9375,131072.0,1.625,131070.375,88,41,32,0,0,0,0
6a635099,llama3-8b,1,28.3428003389854,0.536,62789,925459,62080,8.5,3.4999999999999996,1.8333333333333333,63379.324928,2255.478784,4.5,3355,82,1392.840704,58496.47104,59.793408,0.004096,0.0,3108.298752,0,175322,20,104.23699999999997,0.010000000000005116,47.375,1495.394985698463,0.001454890459835835,0.010459225115277323,0.008532081905355655,483091,325,482766,419,22348,227,22121,299,460743,98,460645,192,213026131968,32154616320,180871515648,34278130176,195318389760,32153534464,163164855296,34276294656,17707742208,1081856,17706660352,62514688,213026131968,32154616320,180871515648,34278130176,195318389760,32153534464,163164855296,34276294656,17707742208,1081856,17706660352,62514688,483091,325,482766,419,22348,227,22121,299,460743,98,460645,192,234670,1,234669,47,12403,0,12403,31,222267,1,222266,47,143073046016,1015296,143072030720,150169088,124325797888,0,124325797888,149159936,18747248128,1015296,18746232832,30500352,-1,0,1221,965,0,4,0,0,0,0,0,0,0,0,212534712074,32154607872,180380104202,34261684113,194871806784,32153534464,162718272320,34259206144,17662905290,1073408,17661831882,62508673,153213730816,32291946496,120921784320,34355544064,153029181440,32237420544,120791760896,34288435200,184549376,54525952,130023424,67108864,1221,256,965,256,1133,230,903,238,88,26,62,32,0.9957472314028202,125603937.0,139797975.9304348,41284.92307692308,98937280.98461539,1015296.0,8448,81559.0,32777.0625,48781.9375,131072.0,1.625,131070.375,84,41,31,0,0,0,0
4bc8de19,llama3-8b,1,2.9950365560362116,0.539,63111,927658,62407,8.5,3.5833333333333335,1.8333333333333333,63378.345984,2256.457728,4.5,3362,83,1393.803264,58496.47104,60.563456,0.004096,0.0,3108.429824,0,175331,20,104.2410000000001,0.010000000000005116,47.37799999999993,2.260950526876637,0.0,0.006110790765406389,0.00518555059452063,565987,325,565662,419,23309,227,23082,299,542678,98,542580,192,218847746048,32154616320,186693129728,34278130176,196477519872,32153534464,164323985408,34276294656,22370226176,1081856,22369144320,62514688,218847746048,32154616320,186693129728,34278130176,196477519872,32153534464,164323985408,34276294656,22370226176,1081856,22369144320,62514688,565987,325,565662,419,23309,227,23082,299,542678,98,542580,192,272490,1,272489,47,13363,0,13363,31,259127,1,259126,47,158564479488,1015296,158563464192,150169088,134956892160,0,134956892160,149159936,23607587328,1015296,23606572032,30500352,-1,0,1221,965,0,4,0,0,0,0,0,0,0,0,218348553783,32154607872,186193945911,34261684113,196030936832,32153534464,163877402368,34259206144,22317616951,1073408,22316543543,62508673,153213730816,32291946496,120921784320,34355544064,153029181440,32237420544,120791760896,34288435200,184549376,54525952,130023424,67108864,1221,256,965,256,1133,230,903,238,88,26,62,32,0.9957472314028202,125603937.0,139797975.9304348,41284.92307692308,98937280.98461539,1015296.0,8448,81559.0,32777.0625,48781.9375,131072.0,1.625,131070.375,83,40,32,0,0,0,0
5b5d650b,granite-7b,1,14.972849398036487,0.628,70034,959819,69248,8.5,3.75,1.916666666666667,63379.439616,2255.364096,4.5,3509,88,1369.632768,55552.503808,58.884096,0.004096,0.0,3161.88672,0,199389,20,109.61800000000005,0.010000000000005116,51.01599999999996,402.99571633872927,0.0,0.010493691278289682,0.00851348641250401,642871,325,642546,419,24496,227,24269,299,618375,98,618277,192,250520594432,26987233792,223533360640,34278130176,224683853824,26986151936,197697701888,34276294656,25836740608,1081856,25835658752,69457920,250520594432,26987233792,223533360640,34278130176,224683853824,26986151936,197697701888,34276294656,25836740608,1081856,25835658752,69457920,642871,325,642546,419,24496,227,24269,299,618375,98,618277,192,312088,1,312087,47,13559,0,13559,31,298529,1,298528,47,163748530176,1015296,163747514880,150169088,136320532480,0,136320532480,149159936,27427997696,1015296,27426982400,30500352,-1,0,1487,1220,0,5,0,0,0,0,0,0,0,0,249894945844,26987225344,222907720500,34261684113,224118044416,26986151936,197131892480,34259206144,25776901428,1073408,25775828020,69443393,180344586240,27164409856,153180176384,34355544064,180086636544,27091009536,152995627008,34288435200,257949696,73400320,184549376,73400320,1487,267,1220,267,1364,232,1132,238,123,35,88,35,0.9934776398626284,101075750.35205993,116319620.4137931,30668.8,83037642.43692307,1015296.0,8448,81559.0,27887.0625,53671.9375,131072.0,1.625,131070.375,87,41,32,0,0,0,0
408291cd,granite-7b,1,6.162917544017546,0.619,70378,961803,69617,8.5,3.75,1.916666666666667,63378.706432,2256.09728,4.5,3521,88,1369.870336,55560.896512,58.888192,0.004096,0.0,3180.498944,0,199389,21,109.61800000000005,0.011000000000002785,51.01699999999994,0.0,0.0049391113855771045,0.018188856479486985,0.016066582056010748,719431,325,719106,419,26097,227,25870,299,693334,98,693236,192,255927332352,26987233792,228940098560,34278130176,226790270976,26986151936,199804119040,34276294656,29137061376,1081856,29135979520,69457920,255927332352,26987233792,228940098560,34278130176,226790270976,26986151936,199804119040,34276294656,29137061376,1081856,29135979520,69457920,719431,325,719106,419,26097,227,25870,299,693334,98,693236,192,352004,1,352003,48,13896,0,13896,31,338108,1,338107,48,170237856768,1015296,170236841472,150169088,139155726336,0,139155726336,149159936,31082130432,1015296,31081115136,30500352,-1,0,1489,1220,0,5,0,0,0,0,0,0,0,0,255159302065,26987225344,228172076721,34261684113,226089293568,26986151936,199103141632,34259206144,29070008497,1073408,29068935089,69443649,180367654912,27187478528,153180176384,34355544064,180107608064,27111981056,152995627008,34288435200,260046848,75497472,184549376,75497472,1489,269,1220,269,1365,233,1132,238,124,36,88,36,0.9926346705600606,100324257.78438662,115820394.57510729,29816.88888888889,83037642.43692307,1015296.0,8448,81559.0,27909.0625,53649.9375,131072.0,1.625,131070.375,87,41,33,0,0,0,0
04c007b8,gemma-7b,1,22.645045140059665,9.524,87053,1142143,85575,9.083333333333334,4.25,2.166666666666667,63205.093376,2429.657088,4.8,3757,93,1551.392768,63052.009472,48.525312,0.004096,0.0,3545.76384,0,241525,24,137.05200000000002,0.012000000000000455,63.02699999999993,1568.3192399325626,0.0005399019627005787,0.011435138241194251,0.009325412636949929,720919,283,720636,419,27084,198,26886,299,693835,85,693750,192,293328741376,34184292352,259144449024,34467404288,264174749696,34183577600,229991172096,34466676736,29153991680,714752,29153276928,69457920,293328741376,34184292352,259144449024,34467404288,264174749696,34183577600,229991172096,34466676736,29153991680,714752,29153276928,69457920,720919,283,720636,419,27084,198,26886,299,693835,85,693750,192,352737,1,352736,48,14523,0,14523,31,338214,1,338213,48,172151519232,1382400,172150136832,150169088,141049995264,0,141049995264,149159936,31101523968,1382400,31100141568,30500352,-1,0,1702,1488,0,6,0,0,0,0,0,0,0,0,292379130399,34184292352,258194838047,34461738800,263292303104,34183577600,229108725504,34461016064,29086827295,714752,29086112543,69443649,214884679680,34550579200,180334100480,34550579200,214622535680,34548482048,180074053632,34548482048,262144000,2097152,260046848,75497472,1702,214,1488,269,1577,213,1364,238,125,1,124,36,0.9893985323406677,159739683.88785046,160486279.81220657,714752.0,120792552.48056537,1382400.0,0,81559.0,34931.0625,46627.9375,131072.0,1.625,131070.375,39,18,35,0,0,0,0
cdd48171,llama3-8b,1,24.046171133057214,0.548,103849,1424379,103002,10.0,4.833333333333333,2.3333333333333335,63097.143296,2537.586688,5.0,3917,101,1664.045056,59336.450048,51.503104,0.004096,0.0,3812.196352,0,276402,26,161.2800000000001,0.01300000000000523,73.65899999999999,1430.805063701425,0.0007081692454864876,0.009999321191092056,0.00819891510527807,804139,325,803814,419,28079,227,27852,299,776060,98,775962,192,330968266752,32154616320,298813650432,34467404288,297210099712,32153534464,265056565248,34466676736,33758167040,1081856,33757085184,69457920,330968266752,32154616320,298813650432,34467404288,297210099712,32153534464,265056565248,34466676736,33758167040,1081856,33757085184,69457920,804139,325,803814,419,28079,227,27852,299,776060,98,775962,192,390306,1,390305,48,15291,0,15291,31,375015,1,375014,48,185592541696,1015296,185591526400,150169088,149669362688,0,149669362688,149159936,35923179008,1015296,35922163712,30500352,-1,0,1944,1701,0,7,0,0,0,0,0,0,0,0,330010872284,32154607872,297856264412,34461738800,296327653056,32153534464,264174118592,34461016064,33683219228,1073408,33682145820,69443649,247057088512,32205963264,214851125248,34550579200,246763487232,32174505984,214588981248,34548482048,293601280,31457280,262144000,75497472,1944,243,1701,269,1804,228,1576,238,140,15,125,36,0.9984056696712005,132323489.18518518,141024273.9649123,71560.53333333334,98937280.98461539,1015296.0,8448,81559.0,32695.0625,48863.9375,131072.0,1.625,131070.375,83,40,31,0,0,0,0
02f4ea33,gemma-7b,1,20.194503079052083,0.545,111993,1471741,111372,9.499999999999998,5.0,2.5,62942.027776,2692.763648,5.2,4069,108,1813.659648,63540.383744,49.54112,0.004096,0.0,4126.826496,0,311270,27,172.1450000000001,0.01300000000000523,79.47199999999998,677.0113947847371,0.00046660578249603843,0.01041114152193719,0.008391613369569704,884125,283,883842,419,32253,198,32055,299,851872,85,851787,192,375288591872,34184292352,341104299520,34467404288,339705575424,34183577600,305521997824,34466676736,35583016448,714752,35582301696,69457920,375288591872,34184292352,341104299520,34467404288,339705575424,34183577600,305521997824,34466676736,35583016448,714752,35582301696,69457920,884125,283,883842,419,32253,198,32055,299,851872,85,851787,192,429053,1,429052,48,15987,0,15987,31,413066,1,413065,48,196161216512,1382400,196159834112,154337280,158355962880,0,158355962880,150863872,37805253632,1382400,37803871232,30500352,-1,0,2151,1943,0,8,0,0,0,0,0,0,0,0,374232216793,34184292352,340047924441,34461738800,338731419328,34183577600,304547841728,34461016064,35500797465,714752,35500082713,69443649,281427312640,34403778560,247023534080,34550579200,281127419904,34397487104,246729932800,34548482048,299892736,6291456,293601280,75497472,2151,208,1943,269,2008,205,1803,238,143,3,140,36,0.9936202877362085,164347559.3846154,166749159.02439025,238250.66666666666,120792552.48056537,1382400.0,0,81559.0,34791.0625,46767.9375,131072.0,1.625,131070.375,85,47,32,0,0,0,0
081bacf7,gemma-7b,1,5.830028450931422,0.54,112339,1474023,111720,9.499999999999998,5.0,2.5,62940.635136,2694.168576,5.2,4082,108,1814.724608,63548.776448,50.024448,0.004096,0.0,4135.579648,0,311381,27,172.16600000000005,0.01300000000000523,79.48299999999995,7.435037656955463,0.0,0.01152437591036969,0.009970906923206959,963829,283,963546,419,35894,198,35696,299,927935,85,927850,192,383927532544,34184292352,349743240192,34467404288,346253391872,34183577600,312069814272,34466676736,37674140672,714752,37673425920,69457920,383927532544,34184292352,349743240192,34467404288,346253391872,34183577600,312069814272,34466676736,37674140672,714752,37673425920,69457920,963829,283,963546,419,35894,198,35696,299,927935,85,927850,192,466659,1,466658,48,16564,0,16564,31,450095,1,450094,48,205280178688,1382400,205278796288,154337280,165380668416,0,165380668416,150863872,39899510272,1382400,39898127872,30500352,-1,0,2181,1943,0,8,0,0,0,0,0,0,0,0,382635296458,34184292352,348451004106,34461738800,345050662592,34183577600,310867084992,34461016064,37584633866,714752,37583919114,69443649,281490227200,34466693120,247023534080,34550579200,281127419904,34397487104,246729932800,34548482048,362807296,69206016,293601280,75497472,2181,238,1943,269,2008,205,1803,238,173,33,140,36,0.9918065604084272,143631480.47058824,166749159.02439025,21659.151515151516,120792552.48056537,1382400.0,0,81559.0,34851.0625,46707.9375,131072.0,1.625,131070.375,84,47,32,0,0,0,0
493fb91a,llama3-8b,1,24.74781168694608,0.537,119161,1501001,117840,9.250000000000002,5.166666666666667,2.5833333333333335,62837.813248,2796.965888,5.4,4209,108,1926.033408,59766.304768,46.010368,0.004096,0.0,4278.14912,0,319193,29,176.07000000000005,0.014000000000002899,81.90300000000002,291.18119584098247,0.0007999368743369116,0.003660037261296033,0.002714459706046788,1047049,325,1046724,419,40925,227,40698,299,1006124,98,1006026,192,428137997312,32154616320,395983380992,34467404288,387014825984,32153534464,354861291520,34466676736,41123171328,1081856,41122089472,69457920,428137997312,32154616320,395983380992,34467404288,387014825984,32153534464,354861291520,34466676736,41123171328,1081856,41122089472,69457920,1047049,325,1046724,419,40925,227,40698,299,1006124,98,1006026,192,507074,1,507073,48,21028,0,21028,31,486046,1,486045,48,253730795520,1015296,253729780224,154337280,210217294848,0,210217294848,150863872,43513500672,1015296,43512485376,30500352,-1,0,2435,2180,0,9,0,0,0,0,0,0,0,0,426835359063,32154607872,394680751191,34461738800,385809418880,32153534464,353655884416,34461016064,41025940183,1073408,41024866775,69443649,313725550592,32268877824,281456672768,34550579200,313308217344,32214351872,281093865472,34548482048,417333248,54525952,362807296,75497472,2435,255,2180,269,2236,229,2007,238,199,26,173,36,0.9964590803366884,126096501.45882353,140408447.44104803,41284.92307692308,98937280.98461539,1015296.0,8448,81559.0,32755.0625,48803.9375,131072.0,1.625,131070.375,83,40,32,0,0,0,0
c92edfc5,gemma-7b,1,33.179780667996965,0.545,128558,1569008,126939,9.000000000000002,5.416666666666667,2.75,62698.082304,2937.01632,5.6,4307,109,2063.106048,63557.955584,45.727744,0.004096,0.0,4354.613248,0,354650,37,186.3169999999999,0.017000000000003013,87.83100000000002,622.6434791666668,0.0029790823337452373,0.0019789747481042843,0.0013553197692490677,1127035,283,1126752,419,41627,198,41429,299,1085408,85,1085323,192,466536387072,34184292352,432352094720,34467404288,421870016512,34183577600,387686438912,34466676736,44666370560,714752,44665655808,69457920,466536387072,34184292352,432352094720,34467404288,421870016512,34183577600,387686438912,34466676736,44666370560,714752,44665655808,69457920,1127035,283,1126752,419,41627,198,41429,299,1085408,85,1085323,192,546217,1,546216,48,21200,0,21200,31,525017,1,525016,48,258380856832,1382400,258379474432,154337280,211015638016,0,211015638016,150863872,47365218816,1382400,47363836416,30500352,-1,0,2669,2434,0,10,0,0,0,0,0,0,0,0,465101250272,34184292352,430916957920,34461738800,420539452032,34183577600,386355874432,34461016064,44561798240,714752,44561083488,69443649,348047540224,34355544064,313691996160,34550579200,347563098112,34288435200,313274662912,34548482048,484442112,67108864,417333248,75497472,2669,235,2434,269,2438,203,2235,238,231,32,199,36,0.9950153107259492,145465073.83829787,168392007.8817734,22336.0,120792552.48056537,1382400.0,0,81559.0,34745.0625,46813.9375,131072.0,1.625,131070.375,83,46,32,0,0,0,0
e3542451,granite-7b,1,51.61158486001659,0.627,140928,1705387,137352,10.083333333333332,5.833333333333333,2.9166666666666665,62672.146432,2962.857984,5.6,4392,109,2072.252416,56436.023296,45.817856,0.004096,0.0,4373.786624,0,379793,38,207.19899999999996,0.018000000000000682,96.19899999999996,1561.3735630811318,0.00020510126282479476,0.0022313918638289065,0.0016032692464474903,1203919,325,1203594,419,46722,227,46495,299,1157197,98,1157099,192,504591160832,26987233792,477603927040,34467404288,458732263424,26986151936,431746111488,34466676736,45858897408,1081856,45857815552,69457920,504591160832,26987233792,477603927040,34467404288,458732263424,26986151936,431746111488,34466676736,45858897408,1081856,45857815552,69457920,1203919,325,1203594,419,46722,227,46495,299,1157197,98,1157099,192,584260,1,584259,48,22261,0,22261,31,561999,1,561998,48,269982561792,1015296,269981546496,154337280,221423098880,0,221423098880,150863872,48559462912,1015296,48558447616,30500352,-1,0,2905,2668,0,11,0,0,0,0,0,0,0,0,503028175517,26987225344,476040950173,34461738800,457281010304,26986151936,430294858368,34461016064,45747165213,1073408,45746091805,69443649,375190978560,27176992768,348013985792,34550579200,374704439296,27174895616,347529543680,34548482048,486539264,2097152,484442112,75497472,2905,237,2668,269,2673,236,2437,238,232,1,231,36,0.9930176610186453,113870149.1308017,114348101.42372881,1073408.0,83037642.43692307,1015296.0,8448,81559.0,27899.0625,53659.9375,131072.0,1.625,131070.375,88,41,32,0,0,0,0
c0263f17,llama3-8b,1,71.93301682500169,0.537,155767,1981729,150968,9.499999999999998,6.083333333333333,3.0833333333333335,62587.76064,3046.977536,5.7,4485,109,2192.809984,59724.341248,51.331072,0.004096,0.0,4493.574144,0,419450,41,233.08499999999992,0.020000000000003126,107.21199999999999,1458.875526810213,0.0012693329997528959,0.0018221419453806867,0.0012668087579881541,1287139,325,1286814,419,47461,227,47234,299,1239678,98,1239580,192,541826485760,32154616320,509671869440,34467404288,491457280000,32153534464,459303745536,34466676736,50369205760,1081856,50368123904,69457920,541826485760,32154616320,509671869440,34467404288,491457280000,32153534464,459303745536,34466676736,50369205760,1081856,50368123904,69457920,1287139,325,1286814,419,47461,227,47234,299,1239678,98,1239580,192,622626,1,622625,48,22773,0,22773,31,599853,1,599852,48,280614492672,1015296,280613477376,154337280,227360163840,0,227360163840,150863872,53254328832,1015296,53253313536,30500352,-1,0,3146,2904,0,12,0,0,0,0,0,0,0,0,540255713050,32154607872,508101105178,34461738800,490006026816,32153534464,457852492352,34461016064,50249686234,1073408,50248612826,69443649,407361290240,32203866112,375157424128,34550579200,406845390848,32174505984,374670884864,34548482048,515899392,29360128,486539264,75497472,3146,242,2904,269,2900,228,2672,238,246,14,232,36,0.9984706869719083,132870280.46280992,141024273.9649123,76672.0,98937280.98461539,1015296.0,8448,81559.0,32693.0625,48865.9375,131072.0,1.625,131070.375,83,41,31,0,0,0,0
